param,f1,precision,recall,val_loss,train_loss,pos_weight
learning_rate=0.0002,0.9180327868852459,0.9911504424778761,0.8549618320610687,0.3468298674388616,0.041272524034329613,3.2295850066934406
learning_rate=0.0003,0.8825910931174089,0.9083333333333333,0.8582677165354331,1.4587755674427305,0.11856950534656491,12.918340026773762
learning_rate=0.0002,0.865546218487395,0.8583333333333333,0.8728813559322034,0.7428284270205984,0.09220932489719058,9.688755020080322
learning_rate=0.0002,0.8648648648648649,0.8615384615384616,0.8682170542635659,0.7300872948231969,0.06068048213864295,6.459170013386881
